{
  "hash": "c5e7e11c",
  "configHash": "8db3de97",
  "lockfileHash": "8bd8544d",
  "browserHash": "47d53efd",
  "optimized": {
    "@angular/common": {
      "src": "../../../../../../node_modules/@angular/common/fesm2022/common.mjs",
      "file": "@angular_common.js",
      "fileHash": "f0e13828",
      "needsInterop": false
    },
    "@angular/common/http": {
      "src": "../../../../../../node_modules/@angular/common/fesm2022/http.mjs",
      "file": "@angular_common_http.js",
      "fileHash": "e08cfbfe",
      "needsInterop": false
    },
    "@angular/core": {
      "src": "../../../../../../node_modules/@angular/core/fesm2022/core.mjs",
      "file": "@angular_core.js",
      "fileHash": "e59c3c60",
      "needsInterop": false
    },
    "@angular/forms": {
      "src": "../../../../../../node_modules/@angular/forms/fesm2022/forms.mjs",
      "file": "@angular_forms.js",
      "fileHash": "b89eaaf4",
      "needsInterop": false
    },
    "@angular/material/badge": {
      "src": "../../../../../../node_modules/@angular/material/fesm2022/badge.mjs",
      "file": "@angular_material_badge.js",
      "fileHash": "4269994b",
      "needsInterop": false
    },
    "@angular/platform-browser": {
      "src": "../../../../../../node_modules/@angular/platform-browser/fesm2022/platform-browser.mjs",
      "file": "@angular_platform-browser.js",
      "fileHash": "a3bf836b",
      "needsInterop": false
    },
    "@angular/platform-browser/animations": {
      "src": "../../../../../../node_modules/@angular/platform-browser/fesm2022/animations.mjs",
      "file": "@angular_platform-browser_animations.js",
      "fileHash": "31f77532",
      "needsInterop": false
    },
    "@angular/platform-browser/animations/async": {
      "src": "../../../../../../node_modules/@angular/platform-browser/fesm2022/animations/async.mjs",
      "file": "@angular_platform-browser_animations_async.js",
      "fileHash": "1e6be1ce",
      "needsInterop": false
    },
    "@angular/platform-server": {
      "src": "../../../../../../node_modules/@angular/platform-server/fesm2022/platform-server.mjs",
      "file": "@angular_platform-server.js",
      "fileHash": "71d4488e",
      "needsInterop": false
    },
    "@angular/router": {
      "src": "../../../../../../node_modules/@angular/router/fesm2022/router.mjs",
      "file": "@angular_router.js",
      "fileHash": "4f084fdd",
      "needsInterop": false
    },
    "@angular/ssr": {
      "src": "../../../../../../node_modules/@angular/ssr/fesm2022/ssr.mjs",
      "file": "@angular_ssr.js",
      "fileHash": "9fa55c6b",
      "needsInterop": false
    },
    "@angular/ssr/node": {
      "src": "../../../../../../node_modules/@angular/ssr/fesm2022/node.mjs",
      "file": "@angular_ssr_node.js",
      "fileHash": "78ade4bf",
      "needsInterop": false
    },
    "express": {
      "src": "../../../../../../node_modules/express/index.js",
      "file": "express.js",
      "fileHash": "79cf9b70",
      "needsInterop": true
    }
  },
  "chunks": {
    "chunk-4KR3FXLH": {
      "file": "chunk-4KR3FXLH.js"
    },
    "chunk-PD2WLXKN": {
      "file": "chunk-PD2WLXKN.js"
    },
    "chunk-I2EISHNR": {
      "file": "chunk-I2EISHNR.js"
    },
    "browser-ENL3DSQZ": {
      "file": "browser-ENL3DSQZ.js"
    },
    "xhr2-TXIMV6CV": {
      "file": "xhr2-TXIMV6CV.js"
    },
    "chunk-P3IG3RGJ": {
      "file": "chunk-P3IG3RGJ.js"
    },
    "chunk-5D6NBXOI": {
      "file": "chunk-5D6NBXOI.js"
    },
    "chunk-RH7RRVL4": {
      "file": "chunk-RH7RRVL4.js"
    },
    "chunk-SBSJKP5C": {
      "file": "chunk-SBSJKP5C.js"
    },
    "chunk-WEC3A5L3": {
      "file": "chunk-WEC3A5L3.js"
    },
    "chunk-6JA6SQ4L": {
      "file": "chunk-6JA6SQ4L.js"
    },
    "chunk-YHCV7DAQ": {
      "file": "chunk-YHCV7DAQ.js"
    }
  }
}