{
  "hash": "b969a323",
  "configHash": "be58dd72",
  "lockfileHash": "8bd8544d",
  "browserHash": "9b7ade5f",
  "optimized": {
    "@angular/common": {
      "src": "../../../../../../node_modules/@angular/common/fesm2022/common.mjs",
      "file": "@angular_common.js",
      "fileHash": "8fd1d9bc",
      "needsInterop": false
    },
    "@angular/common/http": {
      "src": "../../../../../../node_modules/@angular/common/fesm2022/http.mjs",
      "file": "@angular_common_http.js",
      "fileHash": "15aef020",
      "needsInterop": false
    },
    "@angular/core": {
      "src": "../../../../../../node_modules/@angular/core/fesm2022/core.mjs",
      "file": "@angular_core.js",
      "fileHash": "840b8d3b",
      "needsInterop": false
    },
    "@angular/forms": {
      "src": "../../../../../../node_modules/@angular/forms/fesm2022/forms.mjs",
      "file": "@angular_forms.js",
      "fileHash": "573f3884",
      "needsInterop": false
    },
    "@angular/material/badge": {
      "src": "../../../../../../node_modules/@angular/material/fesm2022/badge.mjs",
      "file": "@angular_material_badge.js",
      "fileHash": "92fdb78d",
      "needsInterop": false
    },
    "@angular/platform-browser": {
      "src": "../../../../../../node_modules/@angular/platform-browser/fesm2022/platform-browser.mjs",
      "file": "@angular_platform-browser.js",
      "fileHash": "bc01f709",
      "needsInterop": false
    },
    "@angular/platform-browser/animations": {
      "src": "../../../../../../node_modules/@angular/platform-browser/fesm2022/animations.mjs",
      "file": "@angular_platform-browser_animations.js",
      "fileHash": "cf7711bd",
      "needsInterop": false
    },
    "@angular/platform-browser/animations/async": {
      "src": "../../../../../../node_modules/@angular/platform-browser/fesm2022/animations/async.mjs",
      "file": "@angular_platform-browser_animations_async.js",
      "fileHash": "9573f21d",
      "needsInterop": false
    },
    "@angular/router": {
      "src": "../../../../../../node_modules/@angular/router/fesm2022/router.mjs",
      "file": "@angular_router.js",
      "fileHash": "213d7a9f",
      "needsInterop": false
    }
  },
  "chunks": {
    "browser-E4BJFALF": {
      "file": "browser-E4BJFALF.js"
    },
    "chunk-KS5PJ3BQ": {
      "file": "chunk-KS5PJ3BQ.js"
    },
    "chunk-NXFSUARX": {
      "file": "chunk-NXFSUARX.js"
    },
    "chunk-LH6BWAGH": {
      "file": "chunk-LH6BWAGH.js"
    },
    "chunk-YXEDVI37": {
      "file": "chunk-YXEDVI37.js"
    },
    "chunk-CIYNA5B3": {
      "file": "chunk-CIYNA5B3.js"
    }
  }
}